Zipcode	Average_Household_Size	Prevelance	COUNTYNAME
32003	3.08	7.752127214	Clay
32011	3.1100000000000003	10.50382521	Nassau
32024	3.04	8.724038659	Columbia
32024	3.04	8.724038659	Suwannee
32024	3.04	0.071972034	Columbia
32024	3.04	0.071972034	Suwannee
32025	3.04	14.66945678	Columbia
32034	2.76	7.15208133	Nassau
32038	2.93	6.038884525	Columbia
32043	3.08	9.662341547	Clay
32043	3.08	9.662341547	Putnam
32043	3.08	0	Clay
32043	3.08	0	Putnam
32060	2.96	12.8075133	Suwannee
32065	3.21	8.522650894	Clay
32068	3.22	6.990663991	Clay
32073	3.05	8.240827846	Clay
32080	2.52	0	Flagler
32080	2.52	0	St. Johns
32080	2.52	5.925160595	Flagler
32080	2.52	5.925160595	St. Johns
32081	3.17	0.282714055	Duval
32081	3.17	0.282714055	St. Johns
32081	3.17	10.0094238	Duval
32081	3.17	10.0094238	St. Johns
32082	2.81	7.973411048	St. Johns
32084	2.94	7.427085372	St. Johns
32086	2.76	7.829614604	St. Johns
32092	2.9699999999999998	8.529205166	St. Johns
32110	3.1100000000000003	5.733639773	Flagler
32114	2.91	7.863731848	Volusia
32117	2.94	8.529801325	Volusia
32118	2.4699999999999998	5.159817352	Volusia
32119	2.6100000000000003	5.419799499	Volusia
32127	2.75	5.579314429	Volusia
32128	2.69	5.731010716	Volusia
32129	2.79	5.517241379	Volusia
32132	2.7199999999999998	5.178335535	Volusia
32136	2.5	4.936190706	Flagler
32136	2.5	4.936190706	Volusia
32136	2.5	0.048157958	Flagler
32136	2.5	0.048157958	Volusia
32137	2.67	5.025526484	Flagler
32141	2.91	4.371814408	Volusia
32159	2.34	5.167112299	Lake
32159	2.34	5.167112299	Sumter
32159	2.34	0.106951872	Lake
32159	2.34	0.106951872	Sumter
32162	2.02	0.362140816	Marion
32162	2.02	0.362140816	Sumter
32162	2.02	4.187366927	Marion
32162	2.02	4.187366927	Sumter
32164	2.89	5.538539532	Flagler
32168	2.71	6.149066079	Volusia
32174	2.65	0.007817844	Flagler
32174	2.65	0.007817844	Volusia
32174	2.65	5.585849702	Flagler
32174	2.65	5.585849702	Volusia
32176	2.5	4.730290456	Volusia
32177	2.91	9.864034271	Putnam
32205	3.06	8.041577297	Duval
32206	3.02	8.810132901	Duval
32207	3.08	8.808611362	Duval
32208	3.01	11.8251678	Duval
32209	3.23	8.324509944	Duval
32210	3.13	8.707774626	Duval
32211	3.12	7.34498135	Duval
32216	3.05	10.87075933	Duval
32217	2.81	8.045630434	Duval
32218	3.21	9.703626166	Duval
32220	3.0100000000000002	8.936137432	Duval
32221	3.2	9.45631068	Duval
32223	2.72	7.923975418	Duval
32224	3.09	7.274501793	Duval
32225	3.0700000000000003	9.040677596	Duval
32226	3.06	10.70402757	Duval
32233	2.85	7.117979102	Duval
32244	2.98	8.277499074	Duval
32246	3	9.306247456	Duval
32250	2.63	10.65110475	Duval
32254	3.1	8.606954061	Duval
32256	2.84	8.835492147	Duval
32257	2.92	8.533333333	Duval
32258	2.89	8.57033729	Duval
32259	3.26	8.381138137	St. Johns
32277	3.0300000000000002	7.736566956	Duval
32301	2.9	9.684835712	Leon
32303	2.89	8.46888078	Leon
32304	2.91	12.3380135	Leon
32305	3	8.243230313	Leon
32308	2.83	10.3636116	Leon
32309	3.02	0	Jefferson
32309	3.02	0	Leon
32309	3.02	7.035478052	Jefferson
32309	3.02	7.035478052	Leon
32310	3.11	10.50566135	Leon
32311	2.93	7.397592526	Leon
32312	2.98	7.802824635	Leon
32317	3.09	7.643183652	Leon
32322	2.71	12.99449174	Franklin
32327	3.04	0.014022787	Leon
32327	3.04	0.014022787	Wakulla
32327	3.04	9.833479404	Leon
32327	3.04	9.833479404	Wakulla
32340	2.98	11.06910498	Madison
32344	2.8	9.946584655	Jefferson
32347	3.19	10.88185044	Taylor
32351	3.16	11.94978632	Gadsden
32401	2.88	8.761973941	Bay
32404	2.99	9.865073539	Bay
32405	2.95	9.662210366	Bay
32407	2.79	13.03825541	Bay
32408	2.85	8.518871925	Bay
32425	3.12	11.48976888	Holmes
32425	3.12	11.48976888	Washington
32425	3.12	0.147210364	Holmes
32425	3.12	0.147210364	Washington
32428	3.0300000000000002	0.022773856	Jackson
32428	3.0300000000000002	0.022773856	Washington
32428	3.0300000000000002	11.5292644	Jackson
32428	3.0300000000000002	11.5292644	Washington
32433	3.15	8.262012642	Walton
32444	3.06	10.70252222	Bay
32446	3	13.40530814	Jackson
32459	2.81	12.52541684	Walton
32460	2.8400000000000003	9.525483304	Jackson
32501	2.98	17.00197593	Escambia
32503	2.88	8.684602576	Escambia
32504	2.96	10.1764028	Escambia
32505	2.81	9.565910298	Escambia
32506	3.02	7.63964652	Escambia
32507	2.73	6.563345792	Escambia
32514	2.8600000000000003	10.34775233	Escambia
32526	2.74	9.682412597	Escambia
32533	2.92	10.14034261	Escambia
32534	2.71	9.781576448	Escambia
32536	3.23	8.662103298	Okaloosa
32539	3.19	9.223059308	Okaloosa
32539	3.19	9.223059308	Walton
32539	3.19	0.013275364	Okaloosa
32539	3.19	0.013275364	Walton
32541	2.7	9.697891535	Okaloosa
32547	2.8600000000000003	9.233906204	Okaloosa
32548	2.82	9.001289847	Okaloosa
32550	2.5700000000000003	9.313111055	Walton
32561	2.71	0.523929471	Escambia
32561	2.71	0.523929471	Santa Rosa
32561	2.71	7.19395466	Escambia
32561	2.71	7.19395466	Santa Rosa
32563	3.04	9.327724606	Santa Rosa
32566	3.07	8.684629151	Santa Rosa
32570	3.02	9.919913213	Santa Rosa
32571	3.19	9.943693694	Santa Rosa
32578	3.05	9.200120736	Okaloosa
32578	3.05	9.200120736	Walton
32578	3.05	0.021128886	Okaloosa
32578	3.05	0.021128886	Walton
32579	2.8200000000000003	7.980266976	Okaloosa
32583	3.06	9.606674613	Santa Rosa
32605	2.84	5.947722648	Alachua
32606	2.85	6.074567016	Alachua
32607	2.9	8.936254716	Alachua
32608	2.94	7.019875551	Alachua
32615	2.89	8.199486615	Alachua
32626	2.88	7.538146208	Levy
32641	3.02	8.068721171	Alachua
32643	2.72	5.743185325	Alachua
32643	2.72	5.743185325	Columbia
32643	2.72	5.743185325	Gilchrist
32643	2.72	0.034287674	Alachua
32643	2.72	0.034287674	Columbia
32643	2.72	0.034287674	Gilchrist
32643	2.72	0.145722613	Alachua
32643	2.72	0.145722613	Columbia
32643	2.72	0.145722613	Gilchrist
32653	2.73	5.103349964	Alachua
32693	2.87	8.00370308	Gilchrist
32693	2.87	8.00370308	Levy
32693	2.87	0.143073557	Gilchrist
32693	2.87	0.143073557	Levy
32696	2.99	8.290447089	Levy
32696	2.99	8.290447089	Marion
32696	2.99	0.040205854	Levy
32696	2.99	0.040205854	Marion
32701	2.93	6.58238884	Seminole
32703	3.3	6.839276082	Orange
32703	3.3	6.839276082	Seminole
32703	3.3	0.212041739	Orange
32703	3.3	0.212041739	Seminole
32707	2.86	6.154956155	Seminole
32708	2.9	6.045495664	Seminole
32712	3.18	6.463001807	Orange
32713	2.77	5.62894888	Volusia
32714	3.01	6.737579316	Seminole
32720	2.83	0.012337682	Lake
32720	2.83	0.012337682	Volusia
32720	2.83	6.085561827	Lake
32720	2.83	6.085561827	Volusia
32724	2.85	6.439219718	Volusia
32725	3.1	6.145464015	Volusia
32726	2.97	6.977985324	Lake
32738	3.21	6.005130341	Volusia
32746	2.84	5.614004067	Seminole
32750	3.07	5.738261738	Seminole
32751	3.01	7.222642517	Orange
32751	3.01	7.222642517	Seminole
32751	3.01	0.342663878	Orange
32751	3.01	0.342663878	Seminole
32754	2.78	3.741806264	Brevard
32754	2.78	3.741806264	Volusia
32754	2.78	0.036416606	Brevard
32754	2.78	0.036416606	Volusia
32757	2.82	6.498749553	Lake
32757	2.82	6.498749553	Orange
32757	2.82	0.050017864	Lake
32757	2.82	0.050017864	Orange
32763	2.87	6.448425484	Volusia
32765	3.17	5.920520321	Seminole
32771	3.06	6.440834607	Seminole
32773	3.1	7.122497998	Seminole
32778	2.73	7.989667765	Lake
32779	2.99	5.996013918	Seminole
32780	2.72	4.668291062	Brevard
32789	2.79	6.842125137	Orange
32792	3.0700000000000003	5.166573104	Orange
32792	3.0700000000000003	5.166573104	Seminole
32792	3.0700000000000003	0.501364719	Orange
32792	3.0700000000000003	0.501364719	Seminole
32796	2.8600000000000003	4.017662186	Brevard
32801	2.43	13.86914972	Orange
32803	2.5900000000000003	9.43517967	Orange
32804	2.8	9.11612939	Orange
32805	3.09	8.969748255	Orange
32806	2.91	6.966487112	Orange
32807	3.2199999999999998	8.575786354	Orange
32808	3.4200000000000004	5.741174883	Orange
32809	3.33	8.413816807	Orange
32810	3.19	6.003539262	Orange
32811	3.11	8.424872738	Orange
32812	2.91	7.220750244	Orange
32817	3.08	7.113076084	Orange
32818	3.37	5.261349187	Orange
32819	3.01	11.17097701	Orange
32821	2.83	13.04864253	Orange
32822	3.24	9.217940415	Orange
32824	3.5700000000000003	13.05881847	Orange
32825	3.23	8.267388928	Orange
32826	3.01	5.433423196	Orange
32835	3.15	7.321436	Orange
32837	3.35	10.54375365	Orange
32839	3.27	7.951064554	Orange
32901	2.69	8.194826418	Brevard
32904	3.02	7.632708943	Brevard
32905	2.99	6.488713415	Brevard
32907	3.08	6.381419722	Brevard
32909	3.1	7.628555886	Brevard
32922	3.2800000000000002	6.16434257	Brevard
32926	2.77	4.120465435	Brevard
32927	2.95	4.069109106	Brevard
32931	2.41	5.279209934	Brevard
32934	2.81	5.694844282	Brevard
32935	2.88	5.23429348	Brevard
32937	2.76	5.121411201	Brevard
32940	2.68	5.335420075	Brevard
32951	2.45	3.582762652	Brevard
32952	2.85	4.788705523	Brevard
32953	2.75	5.651865157	Brevard
32955	2.73	4.99884286	Brevard
32958	2.4499999999999997	5.318516965	Indian River
32960	2.79	10.09257579	Indian River
32962	2.86	6.062209456	Indian River
32963	2.24	4.738138018	Indian River
32963	2.24	4.738138018	St. Lucie
32963	2.24	0.026618753	Indian River
32963	2.24	0.026618753	St. Lucie
32966	2.52	5.898602535	Indian River
32968	2.66	6.515128478	Indian River
32976	2.2199999999999998	4.652441707	Brevard
33004	2.81	8.543713468	Broward
33009	2.8600000000000003	9.524267642	Broward
33010	3.1799999999999997	17.10427441	Dade
33012	3.1500000000000004	16.67253617	Dade
33013	3.33	18.57025732	Dade
33014	3.19	15.39929396	Dade
33015	3.28	15.16125672	Dade
33016	3.3	16.60541586	Dade
33018	3.36	18.33055654	Dade
33020	2.98	9.557667176	Broward
33021	3.04	10.33619671	Broward
33023	3.46	10.18750084	Broward
33024	3.35	11.22496994	Broward
33025	3.08	11.39483576	Broward
33026	3	8.692107491	Broward
33027	3	10.54895433	Broward
33028	3.2800000000000002	13.49076281	Broward
33029	3.38	10.01640331	Broward
33030	3.68	14.63898252	Dade
33032	3.68	15.03739902	Dade
33033	3.56	14.37349171	Dade
33034	3.8400000000000003	12.42886821	Dade
33034	3.8400000000000003	12.42886821	Monroe
33034	3.8400000000000003	0	Dade
33034	3.8400000000000003	0	Monroe
33037	2.62	7.914201183	Monroe
33040	2.93	8.221403499	Monroe
33050	2.67	6.883405697	Monroe
33055	3.5100000000000002	16.63283027	Dade
33056	3.52	12.98809194	Dade
33060	3.17	9.215144103	Broward
33062	2.33	6.914331042	Broward
33063	2.8600000000000003	9.1560495	Broward
33064	3.2800000000000002	10.44328064	Broward
33065	3.42	9.618194633	Broward
33066	2.57	8.23782235	Broward
33067	3.19	8.615395862	Broward
33068	3.32	9.679804356	Broward
33069	2.93	9.961617741	Broward
33071	3.16	8.852342521	Broward
33073	3.23	10.38498502	Broward
33076	3.31	7.891842112	Broward
33125	3.15	17.82654196	Dade
33126	3.06	15.83625863	Dade
33127	3.37	10.57613943	Dade
33130	2.72	18.71742274	Dade
33131	2.52	17.80050874	Dade
33135	2.98	13.57656732	Dade
33137	2.8899999999999997	16.74145066	Dade
33140	2.68	17.02778614	Dade
33141	2.83	10.4606719	Dade
33142	3.33	14.637821	Dade
33143	2.9	16.80834621	Dade
33144	3.06	15.27399128	Dade
33145	2.9699999999999998	13.0563605	Dade
33147	3.37	13.6663111	Dade
33150	3.36	9.918386618	Dade
33155	3.17	15.20904391	Dade
33156	3.16	12.86626484	Dade
33157	3.4	13.55273886	Dade
33160	2.66	12.28575035	Dade
33161	3.42	8.952431855	Dade
33162	3.49	9.980264414	Dade
33165	3.3600000000000003	17.9248325	Dade
33166	3.08	19.17768833	Dade
33168	3.62	9.484205151	Dade
33169	3.42	10.68082448	Dade
33172	3.1399999999999997	17.97213765	Dade
33173	3.11	13.62386292	Dade
33174	3.1399999999999997	15.87942912	Dade
33175	3.34	17.49268951	Dade
33176	3.19	12.78687271	Dade
33177	3.5700000000000003	15.79112054	Dade
33178	3.43	26.52185573	Dade
33179	3.15	11.62355382	Dade
33180	2.77	12.61058537	Dade
33181	3.0700000000000003	10.15861966	Dade
33183	3.03	15.25663717	Dade
33184	3.4000000000000004	15.92839109	Dade
33185	3.5700000000000003	14.87292324	Dade
33186	3.24	13.56789781	Dade
33187	3.5	15.01650165	Dade
33189	3.31	12.91011147	Dade
33190	3.31	12.11370533	Dade
33193	3.3499999999999996	14.50229005	Dade
33196	3.46	14.03849417	Dade
33301	2.46	14.30477716	Broward
33305	2.58	8.861070201	Broward
33308	2.43	9.152194622	Broward
33309	3.3600000000000003	9.528939379	Broward
33311	3.44	8.63775584	Broward
33312	3.36	9.683894535	Broward
33313	3.4	8.13946087	Broward
33314	3.09	11.58064634	Broward
33315	2.79	12.86138686	Broward
33317	3.16	9.173237567	Broward
33319	2.92	9.601162741	Broward
33321	2.91	9.43623057	Broward
33322	2.8400000000000003	7.70135816	Broward
33323	3.16	10.202762	Broward
33324	2.87	8.292384545	Broward
33325	3.19	11.06268514	Broward
33326	3.18	11.04509124	Broward
33328	2.98	8.752447175	Broward
33334	2.91	10.08340679	Broward
33351	3.18	11.06544773	Broward
33401	2.92	11.44072228	Palm Beach
33407	3.2	10.27542709	Palm Beach
33408	2.4699999999999998	6.486516175	Palm Beach
33409	3.26	8.222931471	Palm Beach
33410	2.81	7.287184018	Palm Beach
33411	3.13	7.239544565	Palm Beach
33412	2.8200000000000003	5.720010341	Palm Beach
33413	3.27	9.298335907	Palm Beach
33414	3.19	6.661448396	Palm Beach
33415	3.29	9.901334209	Palm Beach
33417	2.88	7.29336455	Palm Beach
33418	2.64	5.937545814	Palm Beach
33426	2.9	9.088242688	Palm Beach
33428	3.11	9.765690982	Palm Beach
33430	3.56	9.550319351	Palm Beach
33432	2.46	8.57128911	Palm Beach
33433	2.79	10.00074521	Palm Beach
33434	2.5700000000000003	6.360441277	Palm Beach
33435	3	8.225958082	Palm Beach
33436	2.8600000000000003	6.507226505	Palm Beach
33437	2.39	4.762528832	Palm Beach
33440	3.3000000000000003	11.33039826	Hendry
33440	3.3000000000000003	11.33039826	Palm Beach
33440	3.3000000000000003	0.025302363	Hendry
33440	3.3000000000000003	0.025302363	Palm Beach
33441	2.87	9.804926253	Broward
33442	2.67	9.073332413	Broward
33444	3	8.098548603	Palm Beach
33445	2.75	7.504021701	Palm Beach
33446	2.2800000000000002	6.767668999	Palm Beach
33455	2.63	5.545045045	Martin
33458	2.98	0.006812685	Martin
33458	2.98	0.006812685	Palm Beach
33458	2.98	6.800763021	Martin
33458	2.98	6.800763021	Palm Beach
33460	3.3200000000000003	9.142541369	Palm Beach
33461	3.34	9.110715408	Palm Beach
33462	3.02	8.068349328	Palm Beach
33463	3.41	8.495210532	Palm Beach
33467	2.94	7.215126887	Palm Beach
33469	2.6599999999999997	0.174216028	Martin
33469	2.6599999999999997	0.174216028	Palm Beach
33469	2.6599999999999997	5.970249263	Martin
33469	2.6599999999999997	5.970249263	Palm Beach
33470	3.33	7.8559139	Palm Beach
33472	2.75	5.119196989	Palm Beach
33477	2.25	4.750951777	Palm Beach
33478	3.01	0	Martin
33478	3.01	0	Palm Beach
33478	3.01	5.516456956	Martin
33478	3.01	5.516456956	Palm Beach
33480	2.2	5.483002692	Palm Beach
33484	2.36	6.585801742	Palm Beach
33487	2.59	7.481742999	Palm Beach
33496	2.69	6.995117621	Palm Beach
33510	3.09	6.468519646	Hillsborough
33511	3.0300000000000002	7.283327384	Hillsborough
33513	2.89	6.678203414	Sumter
33523	3.18	0.047783382	Hernando
33523	3.18	0.047783382	Pasco
33523	3.18	6.105654367	Hernando
33523	3.18	6.105654367	Pasco
33525	2.85	7.241446345	Pasco
33527	3.29	8.461436523	Hillsborough
33540	2.71	0	Hillsborough
33540	2.71	0	Pasco
33540	2.71	6.252889505	Hillsborough
33540	2.71	6.252889505	Pasco
33541	2.64	6.760133259	Pasco
33542	2.71	5.481253117	Pasco
33543	3.12	7.227589146	Pasco
33544	3.18	5.796998616	Pasco
33545	3.48	6.584320131	Pasco
33547	3.41	5.909599722	Hillsborough
33547	3.41	5.909599722	Polk
33547	3.41	0	Hillsborough
33547	3.41	0	Polk
33549	3	5.256139571	Hillsborough
33549	3	5.256139571	Pasco
33549	3	0.283364818	Hillsborough
33549	3	0.283364818	Pasco
33556	3.06	7.88542835	Hillsborough
33556	3.06	7.88542835	Pasco
33556	3.06	0.664308515	Hillsborough
33556	3.06	0.664308515	Pasco
33558	3.16	6.767568459	Hillsborough
33558	3.16	6.767568459	Pasco
33558	3.16	0.144341801	Hillsborough
33558	3.16	0.144341801	Pasco
33559	3.12	4.779949115	Hillsborough
33559	3.12	4.779949115	Pasco
33559	3.12	0.200292319	Hillsborough
33559	3.12	0.200292319	Pasco
33563	3.19	8.133271501	Hillsborough
33565	3.18	5.693013883	Hillsborough
33566	3.16	7.928388747	Hillsborough
33567	3.27	7.027470275	Hillsborough
33569	3.22	6.029815062	Hillsborough
33570	3.29	8.549404345	Hillsborough
33572	2.8200000000000003	6.364082434	Hillsborough
33573	2.27	7.207596029	Hillsborough
33578	3.05	7.502953168	Hillsborough
33579	3.31	7.240661019	Hillsborough
33584	3.23	6.306440779	Hillsborough
33592	3.23	5.941451585	Hillsborough
33594	3.02	6.201883174	Hillsborough
33596	3.16	5.173532274	Hillsborough
33598	3.22	10.50715604	Hillsborough
33598	3.22	10.50715604	Manatee
33598	3.22	0.01994714	Hillsborough
33598	3.22	0.01994714	Manatee
33602	2.61	11.26652124	Hillsborough
33603	3.04	7.296639521	Hillsborough
33604	3.13	6.82001818	Hillsborough
33605	3.18	8.382894364	Hillsborough
33607	2.95	13.32841207	Hillsborough
33609	2.92	8.553383786	Hillsborough
33610	3.18	7.487339473	Hillsborough
33611	2.87	7.37526459	Hillsborough
33612	3.34	6.760073437	Hillsborough
33613	3.0300000000000002	8.800661704	Hillsborough
33614	3.02	11.28414187	Hillsborough
33615	3.08	9.521805018	Hillsborough
33617	3.08	5.893636306	Hillsborough
33618	2.91	6.792921907	Hillsborough
33619	3.29	8.717449865	Hillsborough
33624	2.99	7.039670377	Hillsborough
33625	2.94	8.232924373	Hillsborough
33626	3.03	5.975343981	Hillsborough
33629	2.99	7.246591035	Hillsborough
33634	3.3200000000000003	9.406223865	Hillsborough
33647	3.21	5.00394344	Hillsborough
33701	2.4699999999999998	11.8387589	Pinellas
33702	2.85	6.24941441	Pinellas
33703	2.81	6.155881552	Pinellas
33704	2.66	5.382169356	Pinellas
33705	2.96	8.701528225	Pinellas
33706	2.3	6.029042338	Pinellas
33707	2.52	6.504623087	Pinellas
33708	2.43	5.620841883	Pinellas
33709	2.79	7.059588123	Pinellas
33710	2.9	6.510431886	Pinellas
33712	2.85	8.557684534	Pinellas
33713	2.8200000000000003	6.374428094	Pinellas
33714	3.02	5.35991951	Pinellas
33716	2.62	7.932244271	Pinellas
33755	2.9699999999999998	7.360234445	Pinellas
33756	2.89	8.836949163	Pinellas
33759	2.7600000000000002	6.849089713	Pinellas
33760	2.94	6.806645132	Pinellas
33761	2.68	5.244013337	Pinellas
33763	2.7	5.007602636	Pinellas
33764	2.75	6.526354319	Pinellas
33765	2.85	7.236842105	Pinellas
33767	2.27	7.353730542	Pinellas
33770	2.73	5.873737184	Pinellas
33771	2.67	6.300016466	Pinellas
33772	2.71	6.261621622	Pinellas
33773	2.8400000000000003	7.473714123	Pinellas
33774	2.71	6.133613306	Pinellas
33776	2.83	5.864584101	Pinellas
33777	2.81	7.672557917	Pinellas
33778	2.85	6.946920861	Pinellas
33781	2.96	6.87962665	Pinellas
33782	2.8000000000000003	6.505140127	Pinellas
33785	2.25	5.541237113	Pinellas
33801	3.09	6.499854524	Polk
33803	2.84	6.49694501	Polk
33805	3.1100000000000003	9.784950449	Polk
33809	2.89	7.651497677	Polk
33810	3.02	0.007821819	Hillsborough
33810	3.02	0.007821819	Polk
33810	3.02	7.164786171	Hillsborough
33810	3.02	7.164786171	Polk
33811	2.94	7.8993406	Polk
33813	2.92	6.934631287	Polk
33815	3.19	7.446527594	Polk
33823	3.1	7.321136397	Polk
33825	2.85	0	Hardee
33825	2.85	0	Highlands
33825	2.85	0	Polk
33825	2.85	6.794095382	Hardee
33825	2.85	6.794095382	Highlands
33825	2.85	6.794095382	Polk
33825	2.85	0.272520818	Hardee
33825	2.85	0.272520818	Highlands
33825	2.85	0.272520818	Polk
33830	3.05	9.140008309	Polk
33837	3.14	10.0639812	Polk
33843	2.95	7.931472081	Polk
33844	3.12	10.61823929	Polk
33850	2.74	7.364247958	Polk
33852	2.6500000000000004	6.204085502	Highlands
33853	3.23	8.120868744	Polk
33860	3.37	6.719220615	Polk
33870	2.72	8.719260456	Highlands
33872	2.41	5.740124348	Highlands
33873	3.37	11.30490044	Hardee
33875	2.58	5.502516924	Highlands
33880	3.09	7.944421136	Polk
33881	2.96	10.9842749	Polk
33884	2.82	7.536150411	Polk
33897	3.24	7.739978903	Polk
33898	2.8899999999999997	0	Osceola
33898	2.8899999999999997	0	Polk
33898	2.8899999999999997	5.108971709	Osceola
33898	2.8899999999999997	5.108971709	Polk
33901	2.91	9.258565812	Lee
33903	2.51	5.596504392	Lee
33904	2.4899999999999998	6.549572155	Lee
33905	3.08	7.516270138	Lee
33907	2.95	7.712145401	Lee
33908	2.42	7.901295429	Lee
33909	3.02	8.088188976	Lee
33912	2.4499999999999997	14.48031749	Lee
33913	2.7	6.757657764	Lee
33914	2.66	7.222904313	Lee
33916	3.18	9.772353154	Lee
33917	2.61	0.013311591	Charlotte
33917	2.61	0.013311591	Lee
33917	2.61	5.194848414	Charlotte
33917	2.61	5.194848414	Lee
33919	2.4499999999999997	6.317177712	Lee
33928	2.5100000000000002	6.853347122	Lee
33935	3.59	0.110577128	Glades
33935	3.59	0.110577128	Hendry
33935	3.59	7.931782418	Glades
33935	3.59	7.931782418	Hendry
33947	2.3	4.980211082	Charlotte
33948	2.6500000000000004	5.863800958	Charlotte
33950	2.24	5.605390789	Charlotte
33952	2.74	5.558550464	Charlotte
33957	2.18	3.101516601	Lee
33966	2.46	11.90263289	Lee
33967	2.92	8.567790203	Lee
33971	3.5700000000000003	8.668265273	Lee
33972	3.2	6.54850145	Lee
33974	3.46	7.169003773	Lee
33976	3.58	8.078925733	Lee
33980	2.62	6.82806176	Charlotte
33981	2.48	5.373893223	Charlotte
33982	2.54	5.081320373	Charlotte
33983	2.68	6.649006623	Charlotte
33991	3.02	9.291170723	Lee
33993	3.2	8.03081885	Lee
34104	2.61	8.258564437	Collier
34105	2.5700000000000003	5.574371218	Collier
34108	2.44	5.683890578	Collier
34109	2.55	7.649169106	Collier
34110	2.52	6.428214107	Collier
34110	2.52	6.428214107	Lee
34110	2.52	0.016675004	Collier
34110	2.52	0.016675004	Lee
34112	2.5300000000000002	6.795004434	Collier
34113	2.96	8.892897407	Collier
34114	2.42	7.265543544	Collier
34116	3.46	9.279720861	Collier
34117	3.24	7.171782382	Collier
34135	2.67	6.210406284	Lee
34142	3.8000000000000003	11.11220279	Collier
34142	3.8000000000000003	11.11220279	Hendry
34142	3.8000000000000003	0	Collier
34142	3.8000000000000003	0	Hendry
34145	2.3600000000000003	4.110126724	Collier
34202	2.69	6.425295288	Manatee
34203	2.77	8.052141336	Manatee
34205	2.94	8.04483805	Manatee
34207	2.8800000000000003	6.896836768	Manatee
34208	3.15	9.649251183	Manatee
34209	2.62	6.536449448	Manatee
34210	2.52	7.319888227	Manatee
34212	2.88	7.861043118	Manatee
34219	2.8800000000000003	7.680808081	Manatee
34221	3.0100000000000002	9.720214854	Manatee
34223	2.4	0.021815009	Charlotte
34223	2.4	0.021815009	Sarasota
34223	2.4	3.779450262	Charlotte
34223	2.4	3.779450262	Sarasota
34224	2.54	5.346486421	Charlotte
34224	2.54	5.346486421	Sarasota
34224	2.54	0	Charlotte
34224	2.54	0	Sarasota
34228	2.12	2.993272003	Manatee
34228	2.12	2.993272003	Sarasota
34228	2.12	0.096114239	Manatee
34228	2.12	0.096114239	Sarasota
34231	2.65	6.308295705	Sarasota
34232	2.79	7.128263337	Sarasota
34233	2.68	6.709067372	Sarasota
34234	2.95	8.831843881	Sarasota
34235	2.74	6.750310397	Sarasota
34237	2.98	9.722760224	Sarasota
34238	2.32	5.691056911	Sarasota
34239	2.69	7.947314838	Sarasota
34240	2.97	0.034958923	Manatee
34240	2.97	0.034958923	Sarasota
34240	2.97	8.145429121	Manatee
34240	2.97	8.145429121	Sarasota
34241	2.8100000000000005	4.862538541	Sarasota
34242	2.34	5.519089082	Sarasota
34243	2.6	5.940252657	Manatee
34243	2.6	5.940252657	Sarasota
34243	2.6	0.235102348	Manatee
34243	2.6	0.235102348	Sarasota
34266	3.3400000000000003	10.49055199	Desoto
34266	3.3400000000000003	10.49055199	Sarasota
34266	3.3400000000000003	0	Desoto
34266	3.3400000000000003	0	Sarasota
34275	2.54	4.630715123	Sarasota
34285	2.28	5.162708412	Sarasota
34287	2.73	4.45935556	Sarasota
34292	2.33	5.552669178	Sarasota
34293	2.44	4.879344362	Sarasota
34420	2.83	6.338385261	Marion
34432	2.58	5.381519766	Marion
34436	2.68	4.211041743	Citrus
34442	2.4899999999999998	6.121203905	Citrus
34446	2.58	5.437149078	Citrus
34452	2.8600000000000003	9.048139125	Citrus
34453	2.86	6.487148103	Citrus
34470	2.95	7.593210064	Marion
34471	3.02	11.33131266	Marion
34472	3.2800000000000002	7.293261868	Marion
34476	2.63	6.903217492	Marion
34480	3.1100000000000003	8.614759225	Marion
34481	2.31	5.566951295	Marion
34491	2.46	6.417674908	Marion
34601	2.74	6.679414773	Hernando
34604	3.25	5.353743655	Hernando
34606	2.7199999999999998	6.225881142	Hernando
34608	3.0300000000000002	5.447962761	Hernando
34609	2.9699999999999998	6.675823525	Hernando
34610	3.2	4.803374609	Pasco
34613	2.58	6.170497657	Hernando
34638	3.31	7.350833654	Pasco
34639	3.01	6.164313659	Pasco
34652	2.67	6.209895306	Pasco
34653	2.79	6.583208049	Pasco
34654	2.98	6.5053411820000004	Pasco
34655	2.79	7.1121513180000004	Pasco
34667	2.66	5.851767252	Pasco
34668	2.96	5.466705438	Pasco
34669	2.9000000000000004	5.960613349	Pasco
34677	2.86	5.737741892	Pinellas
34683	2.8400000000000003	5.323148535	Pinellas
34684	2.67	5.765264026	Pinellas
34685	2.7399999999999998	5.556172908	Pinellas
34688	2.72	6.905817547	Pinellas
34689	2.81	6.598651849	Pinellas
34690	2.7	6.749649369	Pasco
34691	2.8	5.973243817	Pasco
34695	2.7399999999999998	5.603307584	Pinellas
34698	2.66	5.358987603	Pinellas
34711	3.0700000000000003	6.887034451	Lake
34731	2.64	4.468972944	Lake
34741	3.23	13.39132257	Osceola
34743	3.43	9.262009798	Osceola
34744	3.3200000000000003	12.11537788	Osceola
34746	3.2600000000000002	11.02985984	Osceola
34747	2.82	11.47326028	Osceola
34748	2.59	7.001525877	Lake
34758	3.61	8.27712491	Osceola
34759	3.36	0.05894923	Osceola
34759	3.36	0.05894923	Polk
34759	3.36	6.494240169	Osceola
34759	3.36	6.494240169	Polk
34761	3.35	8.267922554	Orange
34769	3.27	9.025805161	Osceola
34771	3.24	8.398251948	Osceola
34772	3.31	9.018322942	Osceola
34785	2.18	2.443761976	Sumter
34786	3.28	7.142857143	Orange
34787	3.25	0.020006859	Lake
34787	3.25	0.020006859	Orange
34787	3.25	8.33285698	Lake
34787	3.25	8.33285698	Orange
34788	2.68	5.111856208	Lake
34950	3.3200000000000003	9.215202072	St. Lucie
34951	2.77	4.694259324	St. Lucie
34952	2.81	6.844371737	St. Lucie
34953	3.25	7.148009335	St. Lucie
34956	3.49	11.81516865	Martin
34957	2.5500000000000003	4.275124978	Martin
34957	2.5500000000000003	4.275124978	St. Lucie
34957	2.5500000000000003	0.077572832	Martin
34957	2.5500000000000003	0.077572832	St. Lucie
34972	3.37	9.163193945	Okeechobee
34972	3.37	9.163193945	Osceola
34972	3.37	9.163193945	St. Lucie
34972	3.37	0.019159841	Okeechobee
34972	3.37	0.019159841	Osceola
34972	3.37	0.019159841	St. Lucie
34972	3.37	0.019159841	Okeechobee
34972	3.37	0.019159841	Osceola
34972	3.37	0.019159841	St. Lucie
34974	2.71	0.016700067	Glades
34974	2.71	0.016700067	Highlands
34974	2.71	0.016700067	Martin
34974	2.71	0.016700067	Okeechobee
34974	2.71	0.016700067	Palm Beach
34974	2.71	0.016700067	Glades
34974	2.71	0.016700067	Highlands
34974	2.71	0.016700067	Martin
34974	2.71	0.016700067	Okeechobee
34974	2.71	0.016700067	Palm Beach
34974	2.71	0.020875084	Glades
34974	2.71	0.020875084	Highlands
34974	2.71	0.020875084	Martin
34974	2.71	0.020875084	Okeechobee
34974	2.71	0.020875084	Palm Beach
34974	2.71	6.433700735	Glades
34974	2.71	6.433700735	Highlands
34974	2.71	6.433700735	Martin
34974	2.71	6.433700735	Okeechobee
34974	2.71	6.433700735	Palm Beach
34974	2.71	0	Glades
34974	2.71	0	Highlands
34974	2.71	0	Martin
34974	2.71	0	Okeechobee
34974	2.71	0	Palm Beach
34982	3	7.642729262	St. Lucie
34983	3.0999999999999996	7.176888225	St. Lucie
34984	2.98	6.44215778	St. Lucie
34990	2.71	6.023534118	Martin
34990	2.71	6.023534118	St. Lucie
34990	2.71	0.023334111	Martin
34990	2.71	0.023334111	St. Lucie
34994	2.8000000000000003	8.252808989	Martin
34997	2.73	6.372109697	Martin
